{"cameraMode":{"drawMode":0,"name":"Shaded","section":"Shading Mode"},"sceneLighting":false,"audioPlay":false,"sceneViewState":{"m_AlwaysRefresh":false,"showFog":true,"showSkybox":false,"showFlares":true,"showImageEffects":true,"showParticleSystems":true,"showVisualEffectGraphs":true,"m_FxEnabled":true},"in2DMode":false,"pivot":{"x":79.17665100097656,"y":3.286356210708618,"z":15.808059692382813},"rotation":{"x":-0.0029668002389371397,"y":0.9968132972717285,"z":-0.06588535755872727,"w":-0.04488683491945267},"size":0.27137887477874758,"orthographic":false}