{"cameraMode":{"drawMode":0,"name":"Shaded","section":"Shading Mode"},"sceneLighting":false,"audioPlay":false,"sceneViewState":{"m_AlwaysRefresh":false,"showFog":true,"showSkybox":true,"showFlares":true,"showImageEffects":true,"showParticleSystems":true,"showVisualEffectGraphs":true,"m_FxEnabled":true},"in2DMode":false,"pivot":{"x":-0.042075157165527347,"y":2.1851279735565187,"z":1.6415576934814454},"rotation":{"x":-0.10247869789600373,"y":0.7280760407447815,"z":-0.11160173267126084,"w":-0.6685489416122437},"size":1.3245577812194825,"orthographic":false}