{"cameraMode":{"drawMode":0,"name":"Shaded","section":"Shading Mode"},"sceneLighting":false,"audioPlay":false,"sceneViewState":{"m_AlwaysRefresh":false,"showFog":true,"showSkybox":false,"showFlares":true,"showImageEffects":true,"showParticleSystems":true,"showVisualEffectGraphs":true,"m_FxEnabled":true},"in2DMode":false,"pivot":{"x":69.75010681152344,"y":0.20252582430839539,"z":14.685552597045899},"rotation":{"x":0.36572718620300295,"y":0.4585931897163391,"z":-0.21477757394313813,"w":0.7809018492698669},"size":3.136129856109619,"orthographic":true}